behavior_type,behavior_name,behavior_count,behavior_ratio
1,pv,11550581,0.9423733036706
2,fav,242556,0.019789333458215312
3,cart,343564,0.02803023862628954
4,buy,120205,0.009807124244895082
