metric,value
pv_count,11550581.0
fav_count,242556.0
cart_count,343564.0
buy_count,120205.0
buy_pv_ratio,0.0104068358119821
buy_cart_ratio,0.34987658776821784
buy_fav_ratio,0.4955762792922047
