metric,value
count,2876947.0
mean,4.260386444380101
std,9.00076929812466
min,1.0
25%,1.0
50%,2.0
75%,4.0
max,1445.0
